Workbook

Sheet Electric Network
A1: Node | B1: Category | C1: Name | D1: Asset type | E1: Power (MWe) | F1: Location | G1: Easting (m) | H1: Northing (m) | I1: Year | J1: Area (acres) | K1: Area (km^2) | M1: Land Required
B2: Producer | C2: Roy S. Nelson | D2: Coal Power Station | E2: 841 | F2: 30.284383, -93.288861 | G2: 472219.74 | H2: 3350333.3 | I2: 1982 | J2: =E2*N3 -> 587.859 | K2: =J2*0.0040468 -> 2.3789478 | M2: Type of Asset | N2: Scale (acres per MW) | O2: Reference
B3: Producer | C3: Cottonwood Bayou | D3: Solar Power Station | E3: 428 | F3: 29.2631, -95.2580 | G3: 280600.33 | H3: 3239249.4 | I3: 2024 | J3: =E3*N5 -> 13416.516 | K3: =J3*0.0040468 -> 54.293957 | M3: Coal | N3: 0.699 | O3: 1, 3
B4: Producer | C4: Galveston 1 | D4: Offshore Wind Farm | E4: 1659 | F4: 28.8557, -94.5151 | G4: 352215.6 | H4: 3192941.7 | I4: 2027 | J4: - | K4: - | M4: Natural Gas | N4: 0.343 | O4: 1, 3
B5: Producer | C5: Galveston 2 | D5: Offshore Wind Farm | E5: 1567 | F5: 28.3541, -94.7237 | G5: 331064.62 | H5: 3137635.9 | I5: 2027 | J5: - | K5: - | M5: Solar | N5: 31.347 | O5: 2, 3
B6: Producer | C6: Lake Charles | D6: Offshore Wind Farm | E6: 1659 | F6: 29.3931, -93.5647 | G6: 445207.19 | H6: 3251671.5 | I6: 2027 | J6: - | K6: . | M6: Substations^ | N6: =N12/N13 -> 0.0025 | O6: 5
B7: Producer | C7: Liberty 1 | D7: Solar Power Station | E7: 259 | F7: 29.9589, -94.8505 | G7: 321434.38 | H7: 3315671.5 | I7: 2024 | J7: =E7*$N$5 -> 8118.873 | K7: =J7*0.0040468 -> 32.855455 | M7: Compressors | N7: 1.55 - 2.27 | O7: 4
B8: Producer | C8: Trinity river solar | D8: Solar Power Station | E8: 409 | F8: 30.0103, -94.4863 | G8: 356656.52 | H8: 3320856.7 | I8: 2025 | J8: =E8*$N$5 -> 12820.923 | K8: =J8*0.0040468 -> 51.883711
B9: Producer | C9: Myrtle solar | D9: Solar Power Station | E9: 538 | F9: 29.2285, -95.4274 | G9: 264056.06 | H9: 3235743.3 | I9: 2023 | J9: =E9*$N$5 -> 16864.686 | K9: =J9*0.0040468 -> 68.248011 | M9: For substation, special considerations are requried for scaling^
B10: Producer | C10: Red Bluff Road Solar | D10: Solar Power Station | E10: 360 | F10: 29.6150, -95.0702 | G10: 299545.33 | H10: 3277915.6 | I10: 2100 | J10: =E10*$N$5 -> 11284.92 | K10: =J10*0.0040468 -> 45.667814 | M10: Line | N10: 138 | O10: kV
B11: Producer | C11: Brazoria West | D11: Solar Power Station | E11: 540 | F11: 29.1910, -95.6630 | G11: 241053.02 | H11: 3232083.4 | I11: 2022 | J11: =E11*$N$5 -> 16927.38 | K11: =J11*0.0040468 -> 68.501721 | M11: Capacity of (1) line 138 kV | N11: 200 | O11: MW
M12: Area required for (4) lines | N12: 2 | O12: acre
M13: Power given for (4) lines | N13: =800 -> 800 | O13: MW
M16: 1) Natural Gas Supply Association (2013). Comparison of Fuels Used for Electric Generation in the U.S. Available online: http://www.ngsa. org/analyses-studies/beck-data-rev/ [Accessed 22 Oct. 2016].
M17: 2) 170 Sklar, S. (2006, November 14). Environmental Footprints of Renewable Energy vs. Nuclear. Renewable Energy World.
M18: 3) THE FOOTPRINT OF ENERGY: LAND USE OF U.S. ELECTRICITY PRODUCTION, STRATA Policy
M19: 4) Argonne National Laboratory (2005). Natural Gas Pipeline Technology, Environmental Science Division.
M20: 5) Transmission and Substation Project Cost Estimation Guide For MTEP 2018

Sheet Gas Network
A1: Node | B1: Category | C1: Name | D1: Asset type | E1: Power (MWe) | F1: Location GPS | G1: Easting (m) | H1: Northing (m) | I1: Year | J1: Area (acres) | K1: Area (km2)
B2: Producer | C2: Sabine | D2: Gas Power Station | E2: 1811 | F2: 30.0242, -93.878 | G2: 415337.82 | H2: 3321791.5 | I2: 1962 | J2: =E2*'Electric Network'!$N$4 -> 621.173 | K2: =J2*0.0040468 -> 2.5137629
B3: Producer | C3: Lake Charles | D3: Gas Power Station | E3: 2444 | F3: 30.272631, -93.29906 | G3: 471235.46 | H3: 3349033.5 | I3: 2020 | J3: =E3*'Electric Network'!$N$4 -> 838.292 | K3: =J3*0.0040468 -> 3.3924001
B4: Producer | C4: Cedar Bayou | D4: Gas Power Station | E4: 1530 | F4: 29.75, -94.9256 | G4: 313798.68 | H4: 3292636.9 | I4: 1970 | J4: =E4*'Electric Network'!$N$4 -> 524.79 | K4: =J4*0.0040468 -> 2.1237202
B5: Producer | C5: Cottonwood | D5: Gas Power Station | E5: 1432 | F5: 30.2588, -93.7353 | G5: 429265.79 | H5: 3347691.8 | I5: 2003 | J5: =E5*'Electric Network'!$N$4 -> 491.176 | K5: =J5*0.0040468 -> 1.987691
B6: Producer | C6: Channelview | D6: Gas Power Station | E6: 918 | F6: 29.836952, -95.12174 | G6: 295005.56 | H6: 3302607.5 | I6: 2002 | J6: =E6*'Electric Network'!$N$4 -> 314.874 | K6: =J6*0.0040468 -> 1.2742321
B7: Producer | C7: Bacliff | D7: Gas Power Station | E7: 1036 | F7: 29.49233, -94.98483 | G7: 307580.92 | H7: 3264174.8 | I7: 2018 | J7: =E7*'Electric Network'!$N$4 -> 355.348 | K7: =J7*0.0040468 -> 1.4380223
B8: Producer | C8: Galveston | D8: Gas Power Station | E8: 1630 | F8: 29.378097, -94.93277 | G8: 312418.91 | H8: 3251429.2 | I8: 1986 | J8: =E8*'Electric Network'!$N$4 -> 559.09 | K8: =J8*0.0040468 -> 2.2625254
B9: Producer | C9: Free Port | D9: Gas Power Station | E9: 1344 | F9: 28.991289, -95.40748 | G9: 265455.1 | H9: 3209409.7 | I9: 1978 | J9: =E9*'Electric Network'!$N$4 -> 460.992 | K9: =J9*0.0040468 -> 1.8655424
B10: Producer | C10: Porth Arthur | D10: Gas Power Station | E10: 888 | F10: 29.888462, -93.95098 | G10: 408175.65 | H10: 3306805.9 | I10: 2011 | J10: =E10*'Electric Network'!$N$4 -> 304.584 | K10: =J10*0.0040468 -> 1.2325905
B11: Producer | C11: Calcasieu Pass 2 | D11: Gas Power Station | E11: 1400 | F11: 29.7742723, -93.3239475 | G11: 468685.46 | H11: 3293817.3 | I11: 2027 | J11: =E11*'Electric Network'!$N$4 -> 480.2 | K11: =J11*0.0040468 -> 1.9432734
